[{"command":"open","target":"http://localhost:8080/Index.html","value":""},{"command":"click","target":"link=Logg inn Admin","value":""},{"command":"open","target":"http://localhost:8080/loggInnAdmin.html","value":""},{"command":"click","target":"id=bruker","value":""},{"command":"type","target":"id=bruker","value":"Roger"},{"command":"type","target":"id=passord","value":"RogerThat"},{"command":"click","target":"id=loggInn","value":""},{"command":"assertText","target":"id=feilMelding","value":"Feil personnummer / passord!"}]