[{"command":"open","target":"http://localhost:8080/index.html","value":""},{"command":"click","target":"link=Logg inn","value":""},{"command":"open","target":"http://localhost:8080/loggInn.html","value":""},{"command":"click","target":"id=personNr","value":""},{"command":"type","target":"id=personNr","value":"12345678900"},{"command":"click","target":"id=passord","value":""},{"command":"type","target":"id=passord","value":"HadeHade"},{"command":"click","target":"id=loggInn","value":""},{"command":"assertText","target":"id=feilMelding","value":"Feil personnummer / passord!"}]