[{"command":"open","target":"http://localhost:8080/index.html","value":""},{"command":"click","target":"link=Logg inn","value":""},{"command":"open","target":"http://localhost:8080/loggInn.html","value":""},{"command":"click","target":"id=personNr","value":""},{"command":"type","target":"id=personNr","value":"01010110523"},{"command":"click","target":"id=passord","value":""},{"command":"type","target":"id=passord","value":"HeiHei"},{"command":"click","target":"id=loggInn","value":""},{"command":"open","target":"http://localhost:8080/saldo.html","value":""},{"command":"click","target":"link=Kunde-info","value":""},{"command":"open","target":"http://localhost:8080/kundeInfo.html","value":""},{"command":"assertValue","target":"id=fornavn","value":"Lene"}]