{
    "configuration": {
        "device": {
            "orientation": "landscape",
            "deviceName": "Desktop"
        }
    },
    "type": "clickpath",
    "version": "1.0",
    "events": [
        {
            "description": "Loading of \"http://localhost:8080/initDB\"",
            "wait": {
                "waitFor": "page_complete"
            },
            "target": {},
            "type": "navigate",
            "url": "http://localhost:8080/initDB"
        },
        {
            "description": "pause",
            "target": {},
            "type": "javascript",
            "javaScript": "api.startAsyncSyntheticEvent(); \n                setTimeout(() => {api.finish()}, 1000);"
        },
        {
            "description": "Loading of \"http://localhost:8080/\"",
            "wait": {
                "waitFor": "page_complete"
            },
            "target": {},
            "type": "navigate",
            "url": "http://localhost:8080/"
        },
        {
            "description": "click",
            "wait": {
                "waitFor": "page_complete"
            },
            "target": {
                "locators": [
                    {
                        "type": "css",
                        "value": "a:contains(\"Logg inn\")"
                    }
                ]
            },
            "type": "click",
            "button": 0
        },
        {
            "description": "click",
            "wait": {
                "waitFor": "page_complete"
            },
            "target": {
                "locators": [
                    {
                        "type": "css",
                        "value": "#personNr"
                    }
                ]
            },
            "type": "click",
            "button": 0
        },
        {
            "description": "type 01010110523",
            "wait": {
                "waitFor": "page_complete"
            },
            "target": {
                "locators": [
                    {
                        "type": "css",
                        "value": "#personNr"
                    }
                ]
            },
            "type": "keystrokes",
            "textValue": "01010110523",
            "simulateBlurEvent": true,
            "masked": false
        },
        {
            "description": "click",
            "wait": {
                "waitFor": "page_complete"
            },
            "target": {
                "locators": [
                    {
                        "type": "css",
                        "value": "#passord"
                    }
                ]
            },
            "type": "click",
            "button": 0
        },
        {
            "description": "type HeiHei",
            "wait": {
                "waitFor": "page_complete"
            },
            "target": {
                "locators": [
                    {
                        "type": "css",
                        "value": "#passord"
                    }
                ]
            },
            "type": "keystrokes",
            "textValue": "HeiHei",
            "simulateBlurEvent": true,
            "masked": false
        },
        {
            "description": "click",
            "wait": {
                "waitFor": "page_complete"
            },
            "target": {
                "locators": [
                    {
                        "type": "css",
                        "value": "#loggInn"
                    }
                ]
            },
            "type": "click",
            "button": 0
        },
        {
            "description": "click",
            "wait": {
                "waitFor": "page_complete"
            },
            "target": {
                "locators": [
                    {
                        "type": "css",
                        "value": "a:contains(\"Transaksjoner\")"
                    }
                ]
            },
            "type": "click",
            "button": 0
        },
        {
            "description": "Loading of \"http://localhost:8080/transaksjon.html\"",
            "wait": {
                "waitFor": "page_complete"
            },
            "target": {},
            "type": "navigate",
            "url": "http://localhost:8080/transaksjon.html"
        },
        {
            "description": "click",
            "wait": {
                "waitFor": "page_complete"
            },
            "target": {
                "locators": [
                    {
                        "type": "css",
                        "value": "#sok"
                    }
                ]
            },
            "type": "click",
            "button": 0
        },
        {
            "description": "click",
            "wait": {
                "waitFor": "page_complete"
            },
            "target": {
                "locators": [
                    {
                        "type": "css",
                        "value": "#kontoNr"
                    }
                ]
            },
            "type": "click",
            "button": 0
        },
        {
            "description": "select option",
            "wait": {
                "waitFor": "page_complete"
            },
            "target": {},
            "type": "javascript",
            "javaScript": "\n                    let add = false;\n                    let x = typeof $ !== 'undefined' ? $('#kontoNr')[0] : document.querySelector('#kontoNr');\n                    for (i = 0; i < x.options.length; i++) {\n                        if (x.options[i].text === \"105010123456\") {\n                            if(add) {\n                                x.options[i].selected = true;\n                            } else {\n                                x.options.selectedIndex = i;\n                            }\n                        }\n                    }"
        },
        {
            "description": "click",
            "wait": {
                "waitFor": "page_complete"
            },
            "target": {
                "locators": [
                    {
                        "type": "css",
                        "value": "#sok"
                    }
                ]
            },
            "type": "click",
            "button": 0,
            "validate": [
                {
                    "type": "element_match",
                    "failIfFound": false,
                    "isRegex": false,
                    "target": {
                        "locators": [
                            {
                                "type": "dom",
                                "value": "document.evaluate('//div[@id=\\'listTransaksjoner\\']/table/tbody/tr/td[2]', document, null, XPathResult.ANY_TYPE, null).iterateNext()"
                            }
                        ]
                    },
                    "match": "345678908"
                },
                {
                    "type": "element_match",
                    "failIfFound": false,
                    "isRegex": false,
                    "target": {
                        "locators": [
                            {
                                "type": "dom",
                                "value": "document.evaluate('//div[@id=\\'listTransaksjoner\\']/table/tbody/tr[2]/td[2]', document, null, XPathResult.ANY_TYPE, null).iterateNext()"
                            }
                        ]
                    },
                    "match": "234534678"
                },
                {
                    "type": "element_match",
                    "failIfFound": false,
                    "isRegex": false,
                    "target": {
                        "locators": [
                            {
                                "type": "dom",
                                "value": "document.evaluate('//div[@id=\\'listTransaksjoner\\']/table/tbody/tr[3]/td[2]', document, null, XPathResult.ANY_TYPE, null).iterateNext()"
                            }
                        ]
                    },
                    "match": "1234254365"
                }
            ]
        }
    ]
}