{
    "configuration": {
        "device": {
            "orientation": "landscape",
            "deviceName": "Desktop"
        }
    },
    "type": "clickpath",
    "version": "1.0",
    "events": [
        {
            "description": "Loading of \"http://localhost:8080/initDB\"",
            "wait": {
                "waitFor": "page_complete"
            },
            "target": {},
            "type": "navigate",
            "url": "http://localhost:8080/initDB"
        },
        {
            "description": "pause",
            "target": {},
            "type": "javascript",
            "javaScript": "api.startAsyncSyntheticEvent(); \n                setTimeout(() => {api.finish()}, 1000);"
        },
        {
            "description": "Loading of \"http://localhost:8080/\"",
            "wait": {
                "waitFor": "page_complete"
            },
            "target": {},
            "type": "navigate",
            "url": "http://localhost:8080/"
        },
        {
            "description": "click",
            "wait": {
                "waitFor": "page_complete"
            },
            "target": {
                "locators": [
                    {
                        "type": "css",
                        "value": "a:contains(\"Logg inn\")"
                    }
                ]
            },
            "type": "click",
            "button": 0
        },
        {
            "description": "click",
            "wait": {
                "waitFor": "page_complete"
            },
            "target": {
                "locators": [
                    {
                        "type": "css",
                        "value": "#personNr"
                    }
                ]
            },
            "type": "click",
            "button": 0
        },
        {
            "description": "type 01010110523",
            "wait": {
                "waitFor": "page_complete"
            },
            "target": {
                "locators": [
                    {
                        "type": "css",
                        "value": "#personNr"
                    }
                ]
            },
            "type": "keystrokes",
            "textValue": "01010110523",
            "simulateBlurEvent": true,
            "masked": false
        },
        {
            "description": "click",
            "wait": {
                "waitFor": "page_complete"
            },
            "target": {
                "locators": [
                    {
                        "type": "css",
                        "value": "#passord"
                    }
                ]
            },
            "type": "click",
            "button": 0
        },
        {
            "description": "type HeiHei",
            "wait": {
                "waitFor": "page_complete"
            },
            "target": {
                "locators": [
                    {
                        "type": "css",
                        "value": "#passord"
                    }
                ]
            },
            "type": "keystrokes",
            "textValue": "HeiHei",
            "simulateBlurEvent": true,
            "masked": false
        },
        {
            "description": "click",
            "wait": {
                "waitFor": "page_complete"
            },
            "target": {
                "locators": [
                    {
                        "type": "css",
                        "value": "#loggInn"
                    }
                ]
            },
            "type": "click",
            "button": 0,
            "validate": [
                {
                    "type": "element_match",
                    "failIfFound": false,
                    "isRegex": false,
                    "target": {
                        "locators": [
                            {
                                "type": "dom",
                                "value": "document.evaluate('//div[@id=\\'listSaldi\\']/table/tbody/tr/td', document, null, XPathResult.ANY_TYPE, null).iterateNext()"
                            }
                        ]
                    },
                    "match": "22334412345"
                },
                {
                    "type": "element_match",
                    "failIfFound": false,
                    "isRegex": false,
                    "target": {
                        "locators": [
                            {
                                "type": "dom",
                                "value": "document.evaluate('//div[@id=\\'listSaldi\\']/table/tbody/tr[2]/td', document, null, XPathResult.ANY_TYPE, null).iterateNext()"
                            }
                        ]
                    },
                    "match": "105020123456"
                },
                {
                    "type": "element_match",
                    "failIfFound": false,
                    "isRegex": false,
                    "target": {
                        "locators": [
                            {
                                "type": "dom",
                                "value": "document.evaluate('//div[@id=\\'listSaldi\\']/table/tbody/tr[3]/td', document, null, XPathResult.ANY_TYPE, null).iterateNext()"
                            }
                        ]
                    },
                    "match": "105010123456"
                }
            ]
        }
    ]
}