{
    "configuration": {
        "device": {
            "orientation": "landscape",
            "deviceName": "Desktop"
        }
    },
    "type": "clickpath",
    "version": "1.0",
    "events": [
        {
            "description": "Loading of \"http://localhost:8080/saldo.html\"",
            "wait": {
                "waitFor": "page_complete"
            },
            "target": {},
            "type": "navigate",
            "url": "http://localhost:8080/saldo.html"
        },
        {
            "description": "click",
            "wait": {
                "waitFor": "page_complete"
            },
            "target": {
                "locators": [
                    {
                        "type": "css",
                        "value": "a:contains(\"Register betaling\")"
                    }
                ]
            },
            "type": "click",
            "button": 0
        },
        {
            "description": "Loading of \"http://localhost:8080/registerBetaling.html\"",
            "wait": {
                "waitFor": "page_complete"
            },
            "target": {},
            "type": "navigate",
            "url": "http://localhost:8080/registerBetaling.html"
        },
        {
            "description": "click",
            "wait": {
                "waitFor": "page_complete"
            },
            "target": {
                "locators": [
                    {
                        "type": "css",
                        "value": "#tilKonto"
                    }
                ]
            },
            "type": "click",
            "button": 0
        },
        {
            "description": "type 12345678901",
            "wait": {
                "waitFor": "page_complete"
            },
            "target": {
                "locators": [
                    {
                        "type": "css",
                        "value": "#tilKonto"
                    }
                ]
            },
            "type": "keystrokes",
            "textValue": "12345678901",
            "simulateBlurEvent": true,
            "masked": false
        },
        {
            "description": "click",
            "wait": {
                "waitFor": "page_complete"
            },
            "target": {
                "locators": [
                    {
                        "type": "css",
                        "value": "#dato"
                    }
                ]
            },
            "type": "click",
            "button": 0
        },
        {
            "description": "type 2023-12-12",
            "wait": {
                "waitFor": "page_complete"
            },
            "target": {
                "locators": [
                    {
                        "type": "css",
                        "value": "#dato"
                    }
                ]
            },
            "type": "keystrokes",
            "textValue": "2023-12-12",
            "simulateBlurEvent": true,
            "masked": false
        },
        {
            "description": "click",
            "wait": {
                "waitFor": "page_complete"
            },
            "target": {
                "locators": [
                    {
                        "type": "css",
                        "value": "#belop"
                    }
                ]
            },
            "type": "click",
            "button": 0
        },
        {
            "description": "type 1000",
            "wait": {
                "waitFor": "page_complete"
            },
            "target": {
                "locators": [
                    {
                        "type": "css",
                        "value": "#belop"
                    }
                ]
            },
            "type": "keystrokes",
            "textValue": "1000",
            "simulateBlurEvent": true,
            "masked": false
        },
        {
            "description": "click",
            "wait": {
                "waitFor": "page_complete"
            },
            "target": {
                "locators": [
                    {
                        "type": "css",
                        "value": "#melding"
                    }
                ]
            },
            "type": "click",
            "button": 0
        },
        {
            "description": "click",
            "wait": {
                "waitFor": "page_complete"
            },
            "target": {
                "locators": [
                    {
                        "type": "dom",
                        "value": "document.evaluate('//body', document, null, XPathResult.ANY_TYPE, null).iterateNext()"
                    }
                ]
            },
            "type": "click",
            "button": 0
        },
        {
            "description": "type Hallo!",
            "wait": {
                "waitFor": "page_complete"
            },
            "target": {
                "locators": [
                    {
                        "type": "css",
                        "value": "#melding"
                    }
                ]
            },
            "type": "keystrokes",
            "textValue": "Hallo!",
            "simulateBlurEvent": true,
            "masked": false
        },
        {
            "description": "click",
            "wait": {
                "waitFor": "page_complete"
            },
            "target": {
                "locators": [
                    {
                        "type": "css",
                        "value": "#regBetaling"
                    }
                ]
            },
            "type": "click",
            "button": 0
        },
        {
            "description": "click",
            "wait": {
                "waitFor": "page_complete"
            },
            "target": {
                "locators": [
                    {
                        "type": "css",
                        "value": "a:contains(\"Transaksjoner\")"
                    }
                ]
            },
            "type": "click",
            "button": 0
        },
        {
            "description": "Loading of \"http://localhost:8080/transaksjon.html\"",
            "wait": {
                "waitFor": "page_complete"
            },
            "target": {},
            "type": "navigate",
            "url": "http://localhost:8080/transaksjon.html"
        },
        {
            "description": "click",
            "wait": {
                "waitFor": "page_complete"
            },
            "target": {
                "locators": [
                    {
                        "type": "css",
                        "value": "#sok"
                    }
                ]
            },
            "type": "click",
            "button": 0
        }
    ]
}