{
    "configuration": {
        "device": {
            "orientation": "landscape",
            "deviceName": "Desktop"
        }
    },
    "type": "clickpath",
    "version": "1.0",
    "events": [
        {
            "description": "Loading of \"/initDB\"",
            "wait": {
                "waitFor": "page_complete"
            },
            "target": {},
            "type": "navigate",
            "url": "/initDB"
        },
        {
            "description": "pause",
            "target": {},
            "type": "javascript",
            "javaScript": "api.startAsyncSyntheticEvent(); \n                setTimeout(() => {api.finish()}, 1000);"
        },
        {
            "description": "Loading of \"http://localhost:8080/adminEndreKonto.html\"",
            "wait": {
                "waitFor": "page_complete"
            },
            "target": {},
            "type": "navigate",
            "url": "http://localhost:8080/adminEndreKonto.html"
        },
        {
            "description": "click",
            "wait": {
                "waitFor": "page_complete"
            },
            "target": {
                "locators": [
                    {
                        "type": "dom",
                        "value": "document.evaluate('//a[@onclick=\\'endreKonto(2)\\']', document, null, XPathResult.ANY_TYPE, null).iterateNext()"
                    }
                ]
            },
            "type": "click",
            "button": 0
        },
        {
            "description": "click",
            "wait": {
                "waitFor": "page_complete"
            },
            "target": {
                "locators": [
                    {
                        "type": "css",
                        "value": "#type2"
                    }
                ]
            },
            "type": "click",
            "button": 0
        },
        {
            "description": "click",
            "wait": {
                "waitFor": "page_complete"
            },
            "target": {
                "locators": [
                    {
                        "type": "dom",
                        "value": "document.evaluate('//div[@id=\\'endreKonto\\']/table/tbody/tr[2]', document, null, XPathResult.ANY_TYPE, null).iterateNext()"
                    }
                ]
            },
            "type": "click",
            "button": 0
        },
        {
            "description": "type Bsu",
            "wait": {
                "waitFor": "page_complete"
            },
            "target": {
                "locators": [
                    {
                        "type": "css",
                        "value": "#type2"
                    }
                ]
            },
            "type": "keystrokes",
            "textValue": "Bsu",
            "simulateBlurEvent": true,
            "masked": false
        },
        {
            "description": "click",
            "wait": {
                "waitFor": "page_complete"
            },
            "target": {
                "locators": [
                    {
                        "type": "dom",
                        "value": "document.evaluate('//*/text()[normalize-space(.)=\\'\\']/parent::*', document, null, XPathResult.ANY_TYPE, null).iterateNext()"
                    }
                ]
            },
            "type": "click",
            "button": 0
        },
        {
            "description": "click",
            "wait": {
                "waitFor": "page_complete"
            },
            "target": {
                "locators": [
                    {
                        "type": "css",
                        "value": "#type2"
                    }
                ]
            },
            "type": "click",
            "button": 0
        },
        {
            "description": "click",
            "wait": {
                "waitFor": "page_complete"
            },
            "target": {
                "locators": [
                    {
                        "type": "dom",
                        "value": "document.evaluate('//a[@onclick=\\'endreKonto(2)\\']', document, null, XPathResult.ANY_TYPE, null).iterateNext()"
                    }
                ]
            },
            "type": "click",
            "button": 0
        },
        {
            "description": "click",
            "wait": {
                "waitFor": "page_complete"
            },
            "target": {
                "locators": [
                    {
                        "type": "css",
                        "value": "#type2"
                    }
                ]
            },
            "type": "click",
            "button": 0
        },
        {
            "description": "type Sparekonto",
            "wait": {
                "waitFor": "page_complete"
            },
            "target": {
                "locators": [
                    {
                        "type": "css",
                        "value": "#type2"
                    }
                ]
            },
            "type": "keystrokes",
            "textValue": "Sparekonto",
            "simulateBlurEvent": true,
            "masked": false
        },
        {
            "description": "click",
            "wait": {
                "waitFor": "page_complete"
            },
            "target": {
                "locators": [
                    {
                        "type": "dom",
                        "value": "document.evaluate('//div[@id=\\'endreKonto\\']/table/tbody/tr[2]/td[3]', document, null, XPathResult.ANY_TYPE, null).iterateNext()"
                    }
                ]
            },
            "type": "click",
            "button": 0
        }
    ]
}