[{"command":"click","target":"xpath=(.//*[normalize-space(text()) and normalize-space(.)='Logg inn'])[1]/preceding::a[1]","value":""},{"command":"open","target":"http://localhost:8080/loggInnAdmin.html","value":""},{"command":"click","target":"id=bruker","value":""},{"command":"type","target":"id=bruker","value":"Admin"},{"command":"click","target":"id=passord","value":""},{"command":"type","target":"id=passord","value":"Admin"},{"command":"click","target":"id=loggInn","value":""},{"command":"open","target":"http://localhost:8080/adminKunde.html","value":""},{"command":"click","target":"link=Registrer kunde","value":""},{"command":"open","target":"http://localhost:8080/adminRegisterKunde.html","value":""},{"command":"click","target":"id=personnummer","value":""},{"command":"type","target":"id=personnummer","value":"11080399999"},{"command":"click","target":"id=fornavn","value":""},{"command":"type","target":"id=fornavn","value":"Andreas"},{"command":"click","target":"id=etternavn","value":""},{"command":"type","target":"id=etternavn","value":"Jensen"},{"command":"click","target":"id=adresse","value":""},{"command":"type","target":"id=adresse","value":"Olav Birkeveien 76"},{"command":"click","target":"id=postnr","value":""},{"command":"type","target":"id=postnr","value":"0899"},{"command":"click","target":"id=poststed","value":""},{"command":"type","target":"id=poststed","value":"Rogerstad"},{"command":"click","target":"id=telefonnr","value":""},{"command":"type","target":"id=telefonnr","value":"98679999"},{"command":"click","target":"id=passord","value":""},{"command":"type","target":"id=passord","value":"HeiHei"},{"command":"click","target":"id=regKunde","value":""},{"command":"click","target":"link=Endre kunde","value":""},{"command":"open","target":"http://localhost:8080/adminKunde.html","value":""},{"command":"assertText","target":"xpath=//body","value":"Andreas"}]